{
  "results": [
    {
      "command": "pdu --no-sort --max-depth=1 tmp.sample",
      "mean": 0.12501150998413044,
      "stddev": 0.003539405338988693,
      "median": 0.12459666824500001,
      "user": 0.09212836478260872,
      "system": 0.15280424826086952,
      "min": 0.119883640245,
      "max": 0.133199220245,
      "times": [
        0.125521673245,
        0.133199220245,
        0.12213535324500001,
        0.122377055245,
        0.124629869245,
        0.120640345245,
        0.12417326524500001,
        0.123316860245,
        0.127919888245,
        0.119883640245,
        0.121391749245,
        0.120296743245,
        0.124194366245,
        0.12487097024500002,
        0.12469896924500001,
        0.12401146424500001,
        0.12459666824500001,
        0.12748698524500002,
        0.13002580124500002,
        0.122758257245,
        0.130778405245,
        0.12611037724500002,
        0.13024680224500002
      ]
    },
    {
      "command": "dua --apparent-size tmp.sample",
      "mean": 0.23257420016807698,
      "stddev": 0.011777054832775942,
      "median": 0.22849279124500002,
      "user": 0.24870593,
      "system": 0.21024530846153844,
      "min": 0.220560844245,
      "max": 0.26065218224500003,
      "times": [
        0.221127747245,
        0.239856059245,
        0.239755758245,
        0.24241867424500002,
        0.22442406724500003,
        0.26065218224500003,
        0.23470362824500002,
        0.240725964245,
        0.22849279124500002,
        0.223648162245,
        0.22467216824500003,
        0.22242655524500002,
        0.220560844245
      ]
    },
    {
      "command": "ncdu -o /dev/null -0 tmp.sample",
      "mean": 0.2068886556021429,
      "stddev": 0.006997520611834127,
      "median": 0.20592950724500003,
      "user": 0.07871371571428572,
      "system": 0.12739112714285714,
      "min": 0.196815903245,
      "max": 0.222458155245,
      "times": [
        0.20174163224500002,
        0.21303469924500001,
        0.19885701524500002,
        0.201386530245,
        0.20849097224500002,
        0.20282653824500002,
        0.20336804224500002,
        0.208790673245,
        0.196815903245,
        0.210022581245,
        0.202954339245,
        0.211787092245,
        0.213907004245,
        0.222458155245
      ]
    },
    {
      "command": "gdu --show-apparent-size --non-interactive --no-progress tmp.sample",
      "mean": 0.303889287445,
      "stddev": 0.006722004582517129,
      "median": 0.30174706374500004,
      "user": 0.37754863000000005,
      "system": 0.20045377000000003,
      "min": 0.29894439724500005,
      "max": 0.32068622524500007,
      "times": [
        0.30239442924500004,
        0.30324072224500004,
        0.30197711524500004,
        0.30151701224500005,
        0.30047520624500007,
        0.32068622524500007,
        0.29894439724500005,
        0.2999704032450001,
        0.310289064245,
        0.29939829924500005
      ]
    },
    {
      "command": "du --apparent-size --total tmp.sample",
      "mean": 0.19205860577833336,
      "stddev": 0.005718892501517202,
      "median": 0.191904765245,
      "user": 0.06899693,
      "system": 0.12249023666666667,
      "min": 0.18475902324500001,
      "max": 0.203703134245,
      "times": [
        0.199156607245,
        0.18475902324500001,
        0.203703134245,
        0.19153296224500002,
        0.192129066245,
        0.20101231924500002,
        0.185052924245,
        0.19444148024500002,
        0.186645633245,
        0.191904765245,
        0.19015745424500002,
        0.18738493824500002,
        0.18689643524500002,
        0.19297407124500002,
        0.193128272245
      ]
    }
  ]
}
