command,mean,stddev,median,user,system,min,max
pdu --no-sort tmp.sample,0.1257925319247826,0.003488153695664596,0.12523052949,0.09456799434782608,0.1514342067391304,0.12087400249000001,0.13596239149
du --apparent-size tmp.sample,0.19329497668999998,0.004254537730199742,0.19203692349,0.06826629,0.12456495166666665,0.18798319849,0.20327708849
dua --apparent-size tmp.sample,0.22711682932333332,0.009680705273741838,0.22579817199000002,0.24847102333333337,0.199416935,0.21462965549000002,0.24385482849
ncdu -o /dev/stdout -0 tmp.sample,0.20417015156142862,0.006739275222939992,0.20280358599,0.0798104757142857,0.12390211357142858,0.19213782449,0.22171109749
gdu --show-apparent-size --non-interactive --no-progress tmp.sample,0.30199018629,0.007570166427206489,0.29989421399000005,0.3881194899999999,0.188703885,0.29278072249000003,0.31857477449
