command,mean,stddev,median,user,system,min,max
pdu --max-depth=1 tmp.sample,0.12815038642173912,0.0069400476402897955,0.1269909969,0.09111862673913043,0.15790818586956523,0.12195876690000002,0.1555971659
dutree --summary tmp.sample,0.3145385031,0.005704991781250225,0.3143022514,0.10293780500000001,0.211132125,0.3075511619,0.3272167779
dua --apparent-size tmp.sample,0.23151395614999995,0.01813586860756031,0.22897300040000002,0.24155702166666668,0.21205084166666666,0.2067763699,0.2825865149
ncdu -o /dev/null -0 tmp.sample,0.2036830724714286,0.004288321574049594,0.20289664640000002,0.08088317642857144,0.12223685357142856,0.19920752390000002,0.2139383119
du --apparent-size --total tmp.sample,0.18971605116666668,0.003026525210180679,0.18919936590000003,0.065766905,0.12358225833333332,0.18600004690000002,0.1961778059
