{
  "results": [
    {
      "command": "pdu --no-sort tmp.sample",
      "mean": 0.1257925319247826,
      "stddev": 0.003488153695664596,
      "median": 0.12523052949,
      "user": 0.09456799434782608,
      "system": 0.1514342067391304,
      "min": 0.12087400249000001,
      "max": 0.13596239149,
      "times": [
        0.12943275349,
        0.12324321749000001,
        0.12642843549,
        0.12151740649000001,
        0.12721433949,
        0.12622303449,
        0.12456912449,
        0.12576503148999998,
        0.12835824749,
        0.12490952749000002,
        0.12806034449,
        0.12372501949000002,
        0.12358851849000001,
        0.12234551149000002,
        0.13596239149,
        0.12523052949,
        0.12463962449,
        0.12185250949000001,
        0.12087400249000001,
        0.12878465048999999,
        0.12354701849000001,
        0.12541152949,
        0.13154546648999998
      ]
    },
    {
      "command": "du --apparent-size tmp.sample",
      "mean": 0.19329497668999998,
      "stddev": 0.004254537730199742,
      "median": 0.19203692349,
      "user": 0.06826629,
      "system": 0.12456495166666665,
      "min": 0.18798319849,
      "max": 0.20327708849,
      "times": [
        0.19015921149,
        0.18798319849,
        0.19328862949,
        0.19203692349,
        0.18986880949,
        0.19122531849,
        0.19602244649,
        0.18974910949,
        0.19043361249000001,
        0.19627534749,
        0.18870110349,
        0.20327708849,
        0.19539994249,
        0.19727205349000002,
        0.19773185549
      ]
    },
    {
      "command": "dua --apparent-size tmp.sample",
      "mean": 0.22711682932333332,
      "stddev": 0.009680705273741838,
      "median": 0.22579817199000002,
      "user": 0.24847102333333337,
      "system": 0.199416935,
      "min": 0.21462965549000002,
      "max": 0.24385482849,
      "times": [
        0.23227065949,
        0.21547096149,
        0.23099255149,
        0.22540251949,
        0.22175879749,
        0.21974648549,
        0.22619382449,
        0.21462965549000002,
        0.22051809049,
        0.24385482849,
        0.23093515149000002,
        0.24362842649
      ]
    },
    {
      "command": "ncdu -o /dev/stdout -0 tmp.sample",
      "mean": 0.20417015156142862,
      "stddev": 0.006739275222939992,
      "median": 0.20280358599,
      "user": 0.0798104757142857,
      "system": 0.12390211357142858,
      "min": 0.19213782449,
      "max": 0.22171109749,
      "times": [
        0.20033647149,
        0.20569320349,
        0.20403489349,
        0.22171109749,
        0.20767951449,
        0.19984286849,
        0.20155387849,
        0.20902962349,
        0.20544330149,
        0.20157227849,
        0.20873812149,
        0.19990936849,
        0.19213782449,
        0.20069967649
      ]
    },
    {
      "command": "gdu --show-apparent-size --non-interactive --no-progress tmp.sample",
      "mean": 0.30199018629,
      "stddev": 0.007570166427206489,
      "median": 0.29989421399000005,
      "user": 0.3881194899999999,
      "system": 0.188703885,
      "min": 0.29278072249000003,
      "max": 0.31857477449,
      "times": [
        0.29969546249,
        0.30009296549000003,
        0.30430538949,
        0.29592574049000003,
        0.29278072249000003,
        0.29661504449000003,
        0.29756244949,
        0.31857477449,
        0.30832501349,
        0.30602430049
      ]
    }
  ]
}
