{
  "results": [
    {
      "command": "pdu --quantity=blksize tmp.sample",
      "mean": 0.12598947286363635,
      "stddev": 0.004492930268381955,
      "median": 0.12429734950000002,
      "user": 0.09448985954545455,
      "system": 0.15207215545454544,
      "min": 0.121803535,
      "max": 0.13637282,
      "times": [
        0.134269308,
        0.12253274000000001,
        0.133113901,
        0.13277909899999998,
        0.128846576,
        0.129923883,
        0.126948265,
        0.13637282,
        0.12305964300000001,
        0.12433995000000002,
        0.12229663700000001,
        0.12243283900000002,
        0.125928059,
        0.122371638,
        0.121803535,
        0.12235343900000001,
        0.12425474900000001,
        0.12438475,
        0.12323484200000001,
        0.12297224000000001,
        0.12435134800000001,
        0.12319814200000001
      ]
    },
    {
      "command": "dust tmp.sample",
      "mean": 0.8363761813000001,
      "stddev": 0.03126361572475513,
      "median": 0.8317873595,
      "user": 0.9893740049999998,
      "system": 0.24434220999999998,
      "min": 0.809073424,
      "max": 0.912982158,
      "times": [
        0.8441470560000001,
        0.816389194,
        0.813203875,
        0.840084332,
        0.912982158,
        0.854027623,
        0.840079108,
        0.823495611,
        0.809073424,
        0.810279432
      ]
    },
    {
      "command": "dutree --usage tmp.sample",
      "mean": 3.79323725,
      "stddev": 0.02916802881100487,
      "median": 3.7884608715,
      "user": 1.4514365049999998,
      "system": 2.3404953099999997,
      "min": 3.751885521,
      "max": 3.856831997,
      "times": [
        3.774707571,
        3.789989045,
        3.8113384790000002,
        3.764226378,
        3.856831997,
        3.786595455,
        3.801608833,
        3.751885521,
        3.8082565230000003,
        3.7869326979999998
      ]
    },
    {
      "command": "dua tmp.sample",
      "mean": 0.2544224746,
      "stddev": 0.011898818211059188,
      "median": 0.254786206,
      "user": 0.29102390499999997,
      "system": 0.20920361,
      "min": 0.231635972,
      "max": 0.27751053900000006,
      "times": [
        0.27751053900000006,
        0.24721036300000002,
        0.249226474,
        0.25634501600000004,
        0.25970323600000006,
        0.25580661200000004,
        0.25376580000000004,
        0.26359175900000004,
        0.24942897500000002,
        0.231635972
      ]
    },
    {
      "command": "ncdu -o /dev/stdout -0 tmp.sample",
      "mean": 0.20866924635714287,
      "stddev": 0.006957030040815942,
      "median": 0.20872079,
      "user": 0.07924897642857143,
      "system": 0.12899018142857138,
      "min": 0.200086589,
      "max": 0.226236141,
      "times": [
        0.210827952,
        0.204015212,
        0.202993106,
        0.202604204,
        0.209671645,
        0.208935541,
        0.200086589,
        0.201835299,
        0.208506039,
        0.212051159,
        0.226236141,
        0.217998094,
        0.20919274200000001,
        0.206415726
      ]
    },
    {
      "command": "gdu --non-interactive --no-progress tmp.sample",
      "mean": 0.2981460912,
      "stddev": 0.008469129099038141,
      "median": 0.2938563865,
      "user": 0.387932005,
      "system": 0.18094751,
      "min": 0.288903607,
      "max": 0.31571376300000004,
      "times": [
        0.29414433800000006,
        0.31571376300000004,
        0.30392999600000004,
        0.291618723,
        0.3048968,
        0.288903607,
        0.293568435,
        0.29338853300000006,
        0.303554193,
        0.29174252400000006
      ]
    },
    {
      "command": "du tmp.sample",
      "mean": 0.18991140481250002,
      "stddev": 0.003822115352369355,
      "median": 0.189628641,
      "user": 0.060633154999999994,
      "system": 0.12878242249999997,
      "min": 0.184463106,
      "max": 0.196565982,
      "times": [
        0.184463106,
        0.196565982,
        0.191426251,
        0.194636271,
        0.195578776,
        0.188436834,
        0.186670024,
        0.187026426,
        0.191046649,
        0.193803566,
        0.187360927,
        0.186746624,
        0.185776318,
        0.186350121,
        0.190820448,
        0.191874154
      ]
    }
  ]
}
