{
  "results": [
    {
      "command": "pdu --min-ratio=0 tmp.sample",
      "mean": 0.7126293280200001,
      "stddev": 0.018515009922540238,
      "median": 0.71304305832,
      "user": 0.6194467749999999,
      "system": 0.21308520999999997,
      "min": 0.6901431533200001,
      "max": 0.7551910423200001,
      "times": [
        0.7180123203200001,
        0.6901431533200001,
        0.70205942432,
        0.7221036443200001,
        0.6991834073200001,
        0.7551910423200001,
        0.71510170232,
        0.7185698543200001,
        0.6949443173200001,
        0.71098441432
      ]
    },
    {
      "command": "dutree tmp.sample",
      "mean": 3.8154008388199996,
      "stddev": 0.032085195721046365,
      "median": 3.8151718603199996,
      "user": 1.475642875,
      "system": 2.33719171,
      "min": 3.75153646932,
      "max": 3.87170680732,
      "times": [
        3.79380348532,
        3.79853060632,
        3.75153646932,
        3.80822231732,
        3.8430430533199997,
        3.87170680732,
        3.81878579732,
        3.8115579233199997,
        3.8219035843199998,
        3.83491834432
      ]
    },
    {
      "command": "ncdu -o /dev/stdout -0 tmp.sample",
      "mean": 0.2074133286057143,
      "stddev": 0.005334045857081307,
      "median": 0.20879325082,
      "user": 0.08610048928571427,
      "system": 0.12090213857142858,
      "min": 0.19842989032,
      "max": 0.22089722232,
      "times": [
        0.20923305332,
        0.20890635232000002,
        0.20876885032,
        0.22089722232,
        0.20720064132000002,
        0.20881765132,
        0.20918035332,
        0.20458212632,
        0.19842989032,
        0.20297931632,
        0.20952675532,
        0.20653783832,
        0.20901765232,
        0.19970889732
      ]
    },
    {
      "command": "du --apparent-size tmp.sample",
      "mean": 0.1900774854533333,
      "stddev": 0.004373911413125066,
      "median": 0.18936144232000002,
      "user": 0.066670375,
      "system": 0.12291170999999998,
      "min": 0.18280260332,
      "max": 0.19938389632,
      "times": [
        0.19583037432,
        0.19938389632,
        0.18883093732,
        0.19165415632,
        0.18662672532,
        0.18682372732,
        0.18607522232,
        0.19157875532000002,
        0.18734043032,
        0.18735963032,
        0.19098095132,
        0.19590038032,
        0.19061304932,
        0.18280260332,
        0.18936144232000002
      ]
    }
  ]
}
