command,mean,stddev,median,user,system,min,max
pdu --top-down tmp.sample,0.12565899004045455,0.003111722399421669,0.126343666995,0.09322807136363637,0.1518651977272727,0.120297281495,0.130217339495
dust --apparent-size --reverse tmp.sample,0.5273204908950001,0.012840536854772454,0.526743459495,0.698036335,0.226704725,0.505507930495,0.5466600794950001
dutree tmp.sample,3.814079256995,0.07041621743667657,3.7867198504950004,1.500775735,2.3123823249999997,3.758291174495,3.990707219495
