command,mean,stddev,median,user,system,min,max
pdu --min-ratio=0 tmp.sample,0.7126293280200001,0.018515009922540238,0.71304305832,0.6194467749999999,0.21308520999999997,0.6901431533200001,0.7551910423200001
dutree tmp.sample,3.8154008388199996,0.032085195721046365,3.8151718603199996,1.475642875,2.33719171,3.75153646932,3.87170680732
ncdu -o /dev/stdout -0 tmp.sample,0.2074133286057143,0.005334045857081307,0.20879325082,0.08610048928571427,0.12090213857142858,0.19842989032,0.22089722232
du --apparent-size tmp.sample,0.1900774854533333,0.004373911413125066,0.18936144232000002,0.066670375,0.12291170999999998,0.18280260332,0.19938389632
