{
  "results": [
    {
      "command": "pdu --progress tmp.sample",
      "mean": 0.2076966293235714,
      "stddev": 0.0008296331157855692,
      "median": 0.207540135395,
      "user": 0.11017074428571427,
      "system": 0.15079933214285715,
      "min": 0.206468179395,
      "max": 0.209278795395,
      "times": [
        0.206468179395,
        0.207889287395,
        0.207629886395,
        0.207378884395,
        0.206780681395,
        0.207165083395,
        0.208172089395,
        0.209278795395,
        0.206971082395,
        0.208837193395,
        0.207797486395,
        0.208803893395,
        0.207450384395,
        0.207129883395
      ]
    },
    {
      "command": "ncdu -o /dev/stdout -1 tmp.sample",
      "mean": 0.20467102560928568,
      "stddev": 0.0036728308162099197,
      "median": 0.204218665895,
      "user": 0.07542595857142856,
      "system": 0.1288322607142857,
      "min": 0.199795539395,
      "max": 0.209859699395,
      "times": [
        0.199795539395,
        0.202104053395,
        0.205504973395,
        0.209859699395,
        0.206154577395,
        0.207549085395,
        0.208065288395,
        0.199953240395,
        0.209624497395,
        0.202161253395,
        0.202774557395,
        0.208675392395,
        0.202932358395,
        0.200239842395
      ]
    },
    {
      "command": "gdu --show-apparent-size --non-interactive tmp.sample",
      "mean": 0.30906371489500006,
      "stddev": 0.009326744093639858,
      "median": 0.311195147895,
      "user": 0.38363442999999997,
      "system": 0.20530837499999993,
      "min": 0.291211279395,
      "max": 0.32015785039500005,
      "times": [
        0.31011329139500005,
        0.31228190339500006,
        0.31227700439500006,
        0.31983164839500006,
        0.32015785039500005,
        0.31497582039500005,
        0.30538206239500004,
        0.291211279395,
        0.307713576395,
        0.29669271239500006
      ]
    }
  ]
}
