command,mean,stddev,median,user,system,min,max
pdu --no-sort --max-depth=1 tmp.sample,0.12501150998413044,0.003539405338988693,0.12459666824500001,0.09212836478260872,0.15280424826086952,0.119883640245,0.133199220245
dua --apparent-size tmp.sample,0.23257420016807698,0.011777054832775942,0.22849279124500002,0.24870593,0.21024530846153844,0.220560844245,0.26065218224500003
ncdu -o /dev/null -0 tmp.sample,0.2068886556021429,0.006997520611834127,0.20592950724500003,0.07871371571428572,0.12739112714285714,0.196815903245,0.222458155245
gdu --show-apparent-size --non-interactive --no-progress tmp.sample,0.303889287445,0.006722004582517129,0.30174706374500004,0.37754863000000005,0.20045377000000003,0.29894439724500005,0.32068622524500007
du --apparent-size --total tmp.sample,0.19205860577833336,0.005718892501517202,0.191904765245,0.06899693,0.12249023666666667,0.18475902324500001,0.203703134245
