command,mean,stddev,median,user,system,min,max
pdu --progress tmp.sample,0.2076966293235714,0.0008296331157855692,0.207540135395,0.11017074428571427,0.15079933214285715,0.206468179395,0.209278795395
ncdu -o /dev/stdout -1 tmp.sample,0.20467102560928568,0.0036728308162099197,0.204218665895,0.07542595857142856,0.1288322607142857,0.199795539395,0.209859699395
gdu --show-apparent-size --non-interactive tmp.sample,0.30906371489500006,0.009326744093639858,0.311195147895,0.38363442999999997,0.20530837499999993,0.291211279395,0.32015785039500005
