{
  "results": [
    {
      "command": "pdu --max-depth=1 tmp.sample",
      "mean": 0.12815038642173912,
      "stddev": 0.0069400476402897955,
      "median": 0.1269909969,
      "user": 0.09111862673913043,
      "system": 0.15790818586956523,
      "min": 0.12195876690000002,
      "max": 0.1555971659,
      "times": [
        0.1281301049,
        0.12702489790000002,
        0.1269909969,
        0.12792770290000002,
        0.12831380590000002,
        0.1257567899,
        0.12580759090000002,
        0.12393607890000001,
        0.1243736809,
        0.1387174659,
        0.1555971659,
        0.1241260799,
        0.12195876690000002,
        0.12575368890000002,
        0.1236014769,
        0.1291800099,
        0.12438658090000002,
        0.1276636009,
        0.1277502009,
        0.12418857990000001,
        0.1334123349,
        0.12761490090000002,
        0.1252463859
      ]
    },
    {
      "command": "dutree --summary tmp.sample",
      "mean": 0.3145385031,
      "stddev": 0.005704991781250225,
      "median": 0.3143022514,
      "user": 0.10293780500000001,
      "system": 0.211132125,
      "min": 0.3075511619,
      "max": 0.3272167779,
      "times": [
        0.3272167779,
        0.3129390939,
        0.3192756309,
        0.3150073059,
        0.3075511619,
        0.3137720979,
        0.3161366129,
        0.3098722759,
        0.3148324049,
        0.3087816689
      ]
    },
    {
      "command": "dua --apparent-size tmp.sample",
      "mean": 0.23151395614999995,
      "stddev": 0.01813586860756031,
      "median": 0.22897300040000002,
      "user": 0.24155702166666668,
      "system": 0.21205084166666666,
      "min": 0.2067763699,
      "max": 0.2825865149,
      "times": [
        0.2365644429,
        0.2825865149,
        0.2360617399,
        0.23437152990000001,
        0.2225168609,
        0.23095381290000003,
        0.2229825649,
        0.21981944590000002,
        0.2269921879,
        0.23258622090000003,
        0.2259557829,
        0.2067763699
      ]
    },
    {
      "command": "ncdu -o /dev/null -0 tmp.sample",
      "mean": 0.2036830724714286,
      "stddev": 0.004288321574049594,
      "median": 0.20289664640000002,
      "user": 0.08088317642857144,
      "system": 0.12223685357142856,
      "min": 0.19920752390000002,
      "max": 0.2139383119,
      "times": [
        0.2008176349,
        0.20326614790000003,
        0.2013513379,
        0.2139383119,
        0.20091163390000003,
        0.19972432690000003,
        0.2025271449,
        0.20368995090000003,
        0.20733267290000001,
        0.1993144249,
        0.20573446390000003,
        0.19920752390000002,
        0.20990538790000002,
        0.20384205190000002
      ]
    },
    {
      "command": "du --apparent-size --total tmp.sample",
      "mean": 0.18971605116666668,
      "stddev": 0.003026525210180679,
      "median": 0.18919936590000003,
      "user": 0.065766905,
      "system": 0.12358225833333332,
      "min": 0.18600004690000002,
      "max": 0.1961778059,
      "times": [
        0.19282978690000002,
        0.1902143709,
        0.18919936590000003,
        0.18752145590000002,
        0.1862899479,
        0.18600004690000002,
        0.1893840659,
        0.1961778059,
        0.1877546569,
        0.19295598790000001,
        0.18673455090000002,
        0.18774995690000001,
        0.19393510690000001,
        0.1888627769,
        0.19013088490000002
      ]
    }
  ]
}
