{
  "results": [
    {
      "command": "pdu --top-down tmp.sample",
      "mean": 0.12565899004045455,
      "stddev": 0.003111722399421669,
      "median": 0.126343666995,
      "user": 0.09322807136363637,
      "system": 0.1518651977272727,
      "min": 0.120297281495,
      "max": 0.130217339495,
      "times": [
        0.129965638495,
        0.12893973249500001,
        0.121402987495,
        0.122557994495,
        0.121563688495,
        0.125389611495,
        0.127674224495,
        0.122062591495,
        0.120297281495,
        0.126789619495,
        0.12943783449500001,
        0.128261227495,
        0.127000920495,
        0.12432840449499999,
        0.128374328495,
        0.125434511495,
        0.121433888495,
        0.130217339495,
        0.123037197495,
        0.126432917495,
        0.127641424495,
        0.126254416495
      ]
    },
    {
      "command": "dust --apparent-size --reverse tmp.sample",
      "mean": 0.5273204908950001,
      "stddev": 0.012840536854772454,
      "median": 0.526743459495,
      "user": 0.698036335,
      "system": 0.226704725,
      "min": 0.505507930495,
      "max": 0.5466600794950001,
      "times": [
        0.5159979744950001,
        0.5456571744950001,
        0.5262328564950001,
        0.5466600794950001,
        0.522782635495,
        0.517836205495,
        0.505507930495,
        0.533471900495,
        0.531804089495,
        0.5272540624950001
      ]
    },
    {
      "command": "dutree tmp.sample",
      "mean": 3.814079256995,
      "stddev": 0.07041621743667657,
      "median": 3.7867198504950004,
      "user": 1.500775735,
      "system": 2.3123823249999997,
      "min": 3.758291174495,
      "max": 3.990707219495,
      "times": [
        3.764287296495,
        3.849947105495,
        3.990707219495,
        3.793724051495,
        3.781462050495,
        3.772198993495,
        3.785785460495,
        3.8567349774950004,
        3.758291174495,
        3.787654240495
      ]
    }
  ]
}
