{
  "results": [
    {
      "command": "pdu --quantity=len tmp.sample",
      "mean": 0.1500717098368182,
      "stddev": 0.03473479664091025,
      "median": 0.132702382655,
      "user": 0.09394230636363635,
      "system": 0.15556895090909093,
      "min": 0.117820690155,
      "max": 0.229689590155,
      "times": [
        0.130316268155,
        0.132851283155,
        0.122692919155,
        0.117820690155,
        0.134200892155,
        0.208239356155,
        0.180721884155,
        0.229689590155,
        0.182518195155,
        0.132553482155,
        0.135697501155,
        0.208897061155,
        0.207782853155,
        0.144581557155,
        0.129758664155,
        0.124747333155,
        0.133024585155,
        0.127188948155,
        0.127244048155,
        0.130354868155,
        0.129170161155,
        0.13152547515500002
      ]
    },
    {
      "command": "dust --apparent-size tmp.sample",
      "mean": 0.550671612555,
      "stddev": 0.021694363804505862,
      "median": 0.548694439655,
      "user": 0.70774107,
      "system": 0.23744855999999995,
      "min": 0.525715792155,
      "max": 0.593350808155,
      "times": [
        0.562670378155,
        0.544582721155,
        0.593350808155,
        0.569055359155,
        0.530117118155,
        0.525715792155,
        0.562693419155,
        0.527092600155,
        0.552806158155,
        0.538631771155
      ]
    },
    {
      "command": "dutree tmp.sample",
      "mean": 3.8099576843549996,
      "stddev": 0.036276750612981454,
      "median": 3.8068235221549998,
      "user": 1.4845702699999996,
      "system": 2.3216881600000003,
      "min": 3.757818553155,
      "max": 3.874497833155,
      "times": [
        3.874497833155,
        3.776081546155,
        3.7749451821549997,
        3.796223785155,
        3.827240438155,
        3.817423259155,
        3.757818553155,
        3.795604642155,
        3.844769191155,
        3.834972413155
      ]
    },
    {
      "command": "dua --apparent-size tmp.sample",
      "mean": 0.23496864869346162,
      "stddev": 0.01680537789980342,
      "median": 0.23327569515500002,
      "user": 0.2638224392307692,
      "system": 0.1975617061538461,
      "min": 0.210206077155,
      "max": 0.279746563155,
      "times": [
        0.22971509015500002,
        0.22476266115500002,
        0.210206077155,
        0.225574266155,
        0.246098673155,
        0.24040953715500002,
        0.229136971155,
        0.218585811155,
        0.238663627155,
        0.279746563155,
        0.23460310415500002,
        0.24381435615500002,
        0.23327569515500002
      ]
    },
    {
      "command": "ncdu -o /dev/stdout -0 tmp.sample",
      "mean": 0.2133554576934616,
      "stddev": 0.006747102825609361,
      "median": 0.210850866155,
      "user": 0.08576413153846153,
      "system": 0.12696301384615385,
      "min": 0.20535163415500002,
      "max": 0.22548445015500002,
      "times": [
        0.22342373915500002,
        0.210438264155,
        0.20535163415500002,
        0.21512839115500001,
        0.210850866155,
        0.22311563715500002,
        0.211806272155,
        0.206573242155,
        0.20629964015500002,
        0.22548445015500002,
        0.209843161155,
        0.21477918815500002,
        0.210526464155
      ]
    },
    {
      "command": "gdu --show-apparent-size --non-interactive --no-progress tmp.sample",
      "mean": 0.31894360485500006,
      "stddev": 0.00723447512006587,
      "median": 0.31748584615500003,
      "user": 0.39816107,
      "system": 0.21174546,
      "min": 0.30813292715500007,
      "max": 0.330808288155,
      "times": [
        0.30813292715500007,
        0.32196370615500003,
        0.32818224315500005,
        0.31689967815500003,
        0.31096684915500006,
        0.330808288155,
        0.318072014155,
        0.32361984615500006,
        0.31410899015500005,
        0.31668150615500007
      ]
    },
    {
      "command": "du --apparent-size tmp.sample",
      "mean": 0.19662311568833338,
      "stddev": 0.004291300631496318,
      "median": 0.196284100155,
      "user": 0.06869673666666666,
      "system": 0.12738239333333332,
      "min": 0.189110758155,
      "max": 0.204545349155,
      "times": [
        0.19772020915500002,
        0.203418742155,
        0.194334989155,
        0.189110758155,
        0.194252088155,
        0.196284100155,
        0.192019976155,
        0.198400112155,
        0.19280668015500002,
        0.204545349155,
        0.200983728155,
        0.19793531015500002,
        0.192771979155,
        0.19585979815500001,
        0.198902915155
      ]
    }
  ]
}
